,µ¯Ä»³öÏÖÊ±¼ä,µ¯Ä»Ä£Ê½,µ¯Ä»×ÖÌå´óÐ¡,µ¯Ä»Ê®Áù½øÖÆÑÕÉ«,µ¯Ä»³Ø(0ÎªÆÕÍ¨³Ø£¬1Îª×ÖÄ»³Ø£¬2ÎªÌØÊâ³Ø),µ¯Ä»·¢ËÍÕß¼ÓÃÜid,µ¯Ä»id,µ¯Ä»ÄÚÈÝ
1,10.13900,¹ö¶¯µ¯Ä»,25,0xffffff,0,77202648,46535989237645315,ÖÂ¾´£¡
2,12.33900,¹ö¶¯µ¯Ä»,25,0xffffff,0,d6b3a981,46511523681533957,¾´Àñ£¡
3,59.93800,µ×¶Ëµ¯Ä»,18,0xe70012,0,3a6198c7,46353334463365125,ÖÂ¾´£¡
4,44.32700,µ×¶Ëµ¯Ä»,25,0xe70012,0,3a6198c7,46353326312259651,ÕæÓ¢ÐÛ
5,19.93000,¶¥¶Ëµ¯Ä»,25,0xe70012,0,3a6198c7,46353313522253831,ÕæÓ¢ÐÛ
6,34.82500,¹ö¶¯µ¯Ä»,25,0xffffff,0,48acb4fb,46177870543323141,Ð»Ð»Äú
7,9.34200,¹ö¶¯µ¯Ä»,25,0xffffff,0,545b90b3,46151574223847431,ÖÂ¾´
8,57.73900,¹ö¶¯µ¯Ä»,25,0xffffff,0,5f640a28,46148191163777031,ÖÂ¾´
9,8.81600,¹ö¶¯µ¯Ä»,25,0xffffff,0,e0178a9b,46147494004391939,ÖÂ¾´£¡
10,63.71500,¹ö¶¯µ¯Ä»,25,0xffffff,0,e0178a9b,46147488000245765,ÖÂ¾´£¡
11,34.38800,¹ö¶¯µ¯Ä»,25,0xffffff,0,ec6ca518,46145794929590275,ÖÂ¾´
12,19.07600,¹ö¶¯µ¯Ä»,25,0xffffff,0,eac5b751,46145189737660421,ÖÂ¾´
13,17.53600,¹ö¶¯µ¯Ä»,25,0xffffff,0,633e4903,46138239362793477,ÖÂ¾´£¡
14,8.12100,¹ö¶¯µ¯Ä»,25,0xffffff,0,fb48ea04,46138037927673859,ÖÂ¾´Ó¢ÐÛ
15,42.26000,¹ö¶¯µ¯Ä»,25,0xffffff,0,6ed35af8,46136557690159107,Ò¯Ò¯ºÜÓ¢¿¡£¡£¡Ò»¶¨»áÉíÌå½¡¿µ£¬ÊÙ±ÈÄÏÉ½
16,19.47700,¹ö¶¯µ¯Ä»,25,0xffffff,0,932bcaf5,46135989949169669,ÖÂ¾´
17,11.50100,¹ö¶¯µ¯Ä»,25,0xffffff,0,d193618d,46135067089567747,ÖÂ¾´
18,13.42500,¶¥¶Ëµ¯Ä»,25,0xe70012,0,48b02ad1,46134636353421315,ÖÂ¾´£¡
19,60.53100,¹ö¶¯µ¯Ä»,25,0xffffff,0,3d687f49,46134313426616327,ÖÂ¾´
20,30.02100,¹ö¶¯µ¯Ä»,25,0xffffff,0,e44f0d1f,46133510657802247,ÖÂ¾´
21,23.43800,¹ö¶¯µ¯Ä»,25,0xffffff,0,d5dcb9a9,46132893280370695,ÖÂ¾´
22,52.97100,¹ö¶¯µ¯Ä»,25,0xffffff,0,d00d7cb8,46132298675388421,ÖÂ¾´£¡
23,9.75100,¹ö¶¯µ¯Ä»,25,0xffffff,0,f29fabee,46132274828148743,ÖÂ¾´
24,36.24700,¹ö¶¯µ¯Ä»,25,0xffffff,0,ef35982e,46132191943458823,ºÃÄÑ¹ý
25,55.52400,¹ö¶¯µ¯Ä»,25,0xffffff,0,25f327e1,46132071290109955,ÖÂ¾´£¡
26,37.11600,¹ö¶¯µ¯Ä»,25,0xffffff,0,ad2ccbb8,46131814509576197,ÖÂ¾´
27,32.66200,¹ö¶¯µ¯Ä»,25,0xffffff,0,ad2ccbb8,46131812138745859,ÖÂ¾´
28,27.61500,¹ö¶¯µ¯Ä»,25,0xffffff,0,ad2ccbb8,46131809714438149,ÖÂ¾´
29,63.10700,¹ö¶¯µ¯Ä»,25,0xffffff,0,c764d45d,46131788975702019,ÖÂ¾´
30,18.10900,¹ö¶¯µ¯Ä»,25,0xffffff,0,c764d45d,46131765412102147,ÖÂ¾´
31,20.25600,¹ö¶¯µ¯Ä»,25,0xffffff,0,a00c0bcd,46131739689484291,ÖÂ¾´
32,5.77600,¹ö¶¯µ¯Ä»,25,0xffffff,0,60828fe,46131578199343109,¾´Àñ
33,21.01400,¹ö¶¯µ¯Ä»,25,0xffffff,0,9752ecc7,46131523541794819,ÖÂ¾´
34,45.63000,¹ö¶¯µ¯Ä»,25,0xffffff,0,da1a1efb,46131488434421765,ÖÂ¾´£¡
35,57.46500,¹ö¶¯µ¯Ä»,25,0xffffff,0,406955de,46131363818504199,ÖÂ¾´
36,49.06600,¹ö¶¯µ¯Ä»,25,0xffffff,0,f6dda412,46131314764021767,ÖÂ¾´
37,26.20100,¶¥¶Ëµ¯Ä»,25,0xe70012,0,a4b9b515,46131311414870019,ÖÂ¾´£¡
38,35.24200,¹ö¶¯µ¯Ä»,25,0xffffff,0,b7242b06,46131266717220867,ÖÂ¾´
39,58.51400,¹ö¶¯µ¯Ä»,25,0xffffff,0,aea91d68,46131263271600135,ÖÂ¾´
40,19.13100,¹ö¶¯µ¯Ä»,25,0xffffff,0,b7242b06,46131258277232647,ÖÂ¾´
41,63.50200,¹ö¶¯µ¯Ä»,25,0xffffff,0,631daa13,46131244396707843,ÖÂ¾´
42,35.18300,¹ö¶¯µ¯Ä»,25,0xffffff,0,4ce05ade,46131059414794245,ÖÂ¾´
43,23.52500,¹ö¶¯µ¯Ä»,25,0xffffff,0,4454268d,46130705496276999,ÖÂ¾´
44,19.44200,¹ö¶¯µ¯Ä»,25,0xffffff,0,4454268d,46130703391260677,¾´Àñ
45,22.86100,¹ö¶¯µ¯Ä»,25,0xffffff,0,d1136ed4,46130693063835651,ÖÂ¾´
46,18.53900,¹ö¶¯µ¯Ä»,25,0xffffff,0,5f68df2d,46130673965596677,ÖÂ¾´
47,28.76300,¹ö¶¯µ¯Ä»,25,0xffffff,0,eb485309,46130650896400389,ÖÂ¾´
48,61.28200,¹ö¶¯µ¯Ä»,25,0xffffff,0,6a20d2ee,46130409270411267,ÖÂ¾´
49,10.78600,¹ö¶¯µ¯Ä»,25,0xffffff,0,6a20d2ee,46130382784954373,ÄÏÎÞÒ©Ê¦ÁðÁ§¹âÈçÀ´
50,0.56700,¹ö¶¯µ¯Ä»,25,0xffffff,0,8299e0eb,46130189298040837,ÖÂ¾´
51,21.47600,¹ö¶¯µ¯Ä»,25,0xffffff,0,8299e0eb,46130166428598279,ÖÂ¾´
52,19.65600,¹ö¶¯µ¯Ä»,25,0xffffff,0,11404039,46130098976849925,ÖÂ¾´Ó¢ÐÛ
53,46.84900,¹ö¶¯µ¯Ä»,25,0xffffff,0,1e3886a,46130093961510919,ÖÂ¾´
54,21.09500,¹ö¶¯µ¯Ä»,25,0xffffff,0,6c319419,46129855072305155,ÖÂ¾´
55,13.74600,¹ö¶¯µ¯Ä»,25,0xffffff,0,5ebf1193,46129498916126791,ÖÂ¾´
56,8.56400,¹ö¶¯µ¯Ä»,25,0xffffff,0,197e457a,46129420951355397,ÖÂ¾´
57,55.92200,¹ö¶¯µ¯Ä»,25,0xffffff,0,64a52ba8,46129254957056003,ÖÂ¾´
58,21.51100,¹ö¶¯µ¯Ä»,25,0xffffff,0,32dc0387,46129118574542917,ÖÂ¾´
59,20.46600,¹ö¶¯µ¯Ä»,25,0xffffff,0,a7c38eff,46129101219561475,ÖÂ¾´£¡
60,34.48000,¹ö¶¯µ¯Ä»,25,0xffffff,0,c5db93b5,46128878705442819,ÖÂ¾´
61,22.83400,¹ö¶¯µ¯Ä»,25,0xffffff,0,a0313405,46128871698857987,ÖÂ¾´
62,26.50600,¹ö¶¯µ¯Ä»,25,0xffffff,0,39a3787b,46128797480648711,ÖÂ¾´ 
63,21.83600,¹ö¶¯µ¯Ä»,25,0xffffff,0,e0d7a703,46128772360962055,ÖÂ¾´
64,21.53900,¹ö¶¯µ¯Ä»,25,0xffffff,0,415f0312,46128698498744323,ÖÂ¾´
65,45.78300,¹ö¶¯µ¯Ä»,25,0xffffff,0,59c298bc,46128518792740867,ÖÂ¾´
66,15.43800,¹ö¶¯µ¯Ä»,25,0xffffff,0,856d37f3,46128394714742791,ÖÂ¾´£¡
67,26.28400,¹ö¶¯µ¯Ä»,25,0xffffff,0,7a14f708,46128330609000453,ÖÂ¾´
68,12.98200,¹ö¶¯µ¯Ä»,25,0xffffff,0,3a84507f,46128209080614917,ÖÂ¾´
69,24.71900,¹ö¶¯µ¯Ä»,25,0xffffff,0,40c48473,46128124872622087,ÖÂ¾´
70,15.78900,¹ö¶¯µ¯Ä»,25,0xffffff,0,49141be6,46127644138799107,ÖÂ¾´
71,50.35200,¹ö¶¯µ¯Ä»,25,0xffffff,0,5e289cf5,46127629182959683,ÖÂ¾´£¡
72,30.48700,¹ö¶¯µ¯Ä»,25,0xffffff,0,34d371d3,46127462528581639,ÖÂ¾´
73,22.11800,¹ö¶¯µ¯Ä»,25,0xffffff,0,2a55e3f8,46127447146496007,Ö®Ç°ºÜË§£¬ÏÖÔÚ¿É°®£¡£¡£¡
74,22.02500,¹ö¶¯µ¯Ä»,25,0xffffff,0,9de2b31a,46127385375932423,ÖÂ¾´£¡
75,63.41100,¹ö¶¯µ¯Ä»,25,0xffffff,0,cc29810b,46127016028143623,¾´Àñ
76,26.15400,¹ö¶¯µ¯Ä»,25,0xffffff,0,5d0ab108,46126986267983877,ÖÂ¾´
77,28.54400,¹ö¶¯µ¯Ä»,25,0xe70012,0,d92855df,46126703866019847,ÖÂ¾´
78,15.82100,¹ö¶¯µ¯Ä»,25,0xffffff,0,c231f6fe,46126668343934983,µÃ¶àÌÛ°¡
79,24.72100,¹ö¶¯µ¯Ä»,25,0xffffff,0,dfa1d332,46126607022686215,ÖÂ¾´
80,21.10200,¹ö¶¯µ¯Ä»,25,0xffffff,0,1ea91d0,46126357692284933,ÖÂ¾´
81,12.37600,¹ö¶¯µ¯Ä»,25,0xffffff,0,b6383888,46126330558283783,ÖÂ¾´£¡
82,54.29200,¹ö¶¯µ¯Ä»,25,0xffffff,0,d7957c90,46126267937849347,ÖÂ¾´
83,19.55700,¹ö¶¯µ¯Ä»,25,0xffffff,0,702b2969,46126255221243907,ÖÂ¾´£¡
84,5.10800,¹ö¶¯µ¯Ä»,25,0xffffff,0,b5aa0960,46126164989181955,ÖÂ¾´
85,1.40700,¹ö¶¯µ¯Ä»,25,0xffffff,0,5e9590f5,46126003153534981,ÖÂ¾´
86,45.47100,¹ö¶¯µ¯Ä»,25,0xffffff,0,5720b73f,46125648480567301,ÖÂ¾´
87,40.80200,¹ö¶¯µ¯Ä»,25,0xffffff,0,75bf639e,46125594478903303,ÖÂ¾´
88,46.25800,¹ö¶¯µ¯Ä»,25,0xffffff,0,376c528f,46125407113052163,ÖÂ¾´
89,13.88100,¹ö¶¯µ¯Ä»,25,0xffffff,0,93e12f4f,46125399151738883,ÖÂ¾´
90,54.07700,¹ö¶¯µ¯Ä»,25,0xffffff,0,ac7bd7d4,46125042486476807,ÖÂ¾´
91,25.05400,¹ö¶¯µ¯Ä»,25,0xffffff,0,c46aea77,46124978295275525,ÖÂ¾´
92,0.00000,¶¥¶Ëµ¯Ä»,25,0xe70012,0,b06dc3da,46124968531460103,ÖÂ¾´
93,13.35400,¹ö¶¯µ¯Ä»,25,0xffffff,0,dbd72af0,46124886671753219,¾´Àñ£¡
94,16.69300,¹ö¶¯µ¯Ä»,25,0xe70012,0,a950c039,46124839279788039,Ë­¸Ò¸øÎÒ¿Þ¡£
95,21.01600,¹ö¶¯µ¯Ä»,25,0xffffff,0,72cb5f88,46124691512360963,ÄúÊÇ×îÃÀµÄÈË
96,35.99200,¹ö¶¯µ¯Ä»,25,0xffffff,0,72cb5f88,46124665662341125,ÖÂ¾´£¡
97,64.00000,¹ö¶¯µ¯Ä»,25,0xffffff,0,347a0a33,46124646350192643,ÏòÄú¾´Àñ
98,41.48200,¹ö¶¯µ¯Ä»,25,0xffffff,0,347a0a33,46124634130087941,ÀáÄ¿ ÖÂ¾´
99,24.48200,¹ö¶¯µ¯Ä»,25,0xffffff,0,347a0a33,46124625182588931,ÖÂ¾´£¡ ÀáÄ¿ÁË
100,59.56100,¹ö¶¯µ¯Ä»,25,0xffffff,0,e4416972,46124593831739397,ÖÂ¾´
101,32.17700,¹ö¶¯µ¯Ä»,25,0xffffff,0,83246c21,46124341753020423,ÖÂ¾´£¡ÄãÃÇ¶¼ÊÇÓ¢ÐÛ£¡
102,24.71600,¹ö¶¯µ¯Ä»,25,0xffffff,0,88ddb1ff,46123867079442439,ÖÂ¾´
103,60.18300,¹ö¶¯µ¯Ä»,25,0xffffff,0,727d84f0,46123397859508229,ÖÂ¾´
104,0.43700,¹ö¶¯µ¯Ä»,25,0xffffff,0,a0e8a1a3,46122802831425539,Äã¿´ËûÅÔ±ßµÄÏàÆ¬£¬ÕæË§
105,24.34700,¹ö¶¯µ¯Ä»,25,0xffffff,0,f444474d,46122722005614599,ÖÂ¾´
106,40.75200,¹ö¶¯µ¯Ä»,25,0xffffff,0,184c0b34,46122490282901511,ÖÂ¾´
107,18.19800,¹ö¶¯µ¯Ä»,25,0xffffff,0,5cfd93c9,46122382572126211,ÖÂ¾´
108,37.85800,¹ö¶¯µ¯Ä»,25,0xffffff,0,67525fbb,46122048340623427,ÖÂ¾´
109,14.79300,¹ö¶¯µ¯Ä»,25,0xffffff,0,7bc94cd5,46121959230537733,Ò»ÈºÃ»ËØÖÊµÄ¼Ò»ï
110,25.57900,¹ö¶¯µ¯Ä»,25,0xffffff,0,9ba4ade,46121869469286407,ÖÂ¾´
111,24.09300,¹ö¶¯µ¯Ä»,25,0xffffff,0,89554a37,46121795486482439,ÖÂ¾´
112,9.20100,¹ö¶¯µ¯Ä»,25,0xe70012,0,ac2727d2,46121726360682503,ÖÂ¾´
113,32.92100,¹ö¶¯µ¯Ä»,25,0xffffff,0,8b1f526a,46121692326002695,ÖÂ¾´
114,18.93300,¹ö¶¯µ¯Ä»,25,0xffffff,0,db31c5cc,46121579160010759,ÖÂ¾´£¡
115,34.95700,¹ö¶¯µ¯Ä»,25,0xffffff,0,821af69a,46121577658449927,ÖÂ¾´
116,13.18200,¹ö¶¯µ¯Ä»,25,0xffffff,0,651ec034,46121559773937667,ÖÂ¾´
117,0.61300,¹ö¶¯µ¯Ä»,25,0xffffff,0,651ec034,46121553201987589,¾­Àí
118,19.34900,¶¥¶Ëµ¯Ä»,25,0xe70012,0,5f4399b4,46121478818103299,ÖÂ¾´ÀÏ¾ü
119,55.28700,¹ö¶¯µ¯Ä»,25,0xe70012,0,46fb9802,46121462035644419,²»ÊÇ½ÄÐÒ»îÁËÏÂÀ´£¿
120,38.38200,¹ö¶¯µ¯Ä»,25,0xffffff,0,21e186c,46121282431352839,ÖÂ¾´
121,27.98700,¹ö¶¯µ¯Ä»,25,0xffffff,0,18a7a1e,46121247051350019,ÖÂ¾´
122,21.07200,¹ö¶¯µ¯Ä»,25,0xffffff,0,fcab7bc7,46121072490184707,½ð¸Õ´¨
123,56.95900,¹ö¶¯µ¯Ä»,25,0xffffff,0,cb7495f9,46121065102966789,ÄãÊÇ×îÃÀµÄÈË£¡£¡£¡ÖÂ¾´ÀÏ±ø
124,61.74400,¹ö¶¯µ¯Ä»,25,0xffffff,0,237dbfc8,46121053055352837,ÖÂ¾´
125,55.27500,¹ö¶¯µ¯Ä»,25,0xffffff,0,8c069b4f,46120801717452803,ÖÂ¾´
126,59.14200,¹ö¶¯µ¯Ä»,25,0xffffff,0,b7ac688,46119989473181699,ÖÂ¾´
127,53.86400,¹ö¶¯µ¯Ä»,25,0xffffff,0,6fef13d,46119946126622725,×î¿É°®µÄÈË
128,40.16800,¹ö¶¯µ¯Ä»,25,0xe70012,0,8a5a0cde,46119886970683399,ÖÂ¾´
129,18.15500,¹ö¶¯µ¯Ä»,25,0xffffff,0,5e921140,46119840419151875,Ó¢ÐÛ°¡£¬Ôâ×ï°¡
130,34.04100,¶¥¶Ëµ¯Ä»,25,0xe70012,0,efe140f7,46119817142337541,ÖÂ¾´£¡£¡£¡
131,37.22700,¹ö¶¯µ¯Ä»,25,0xffffff,0,281aca75,46119466243719175,ÏÖÔÚÒ²ºÜ¿É°®°¡£¡
132,39.96800,¶¥¶Ëµ¯Ä»,25,0x927939,0,b74d49c0,46119383004086277,ÖÂ¾´
133,20.54300,¹ö¶¯µ¯Ä»,25,0x2e72,0,b74d49c0,46119372830801925,ÖÂ¾´
134,49.48700,¹ö¶¯µ¯Ä»,25,0xffffff,0,e15549b2,46119322776502277,ÖÂ¾´
135,37.98500,¹ö¶¯µ¯Ä»,25,0xffffff,0,e15549b2,46119316178337797,ÖÂ¾´
136,53.89300,¹ö¶¯µ¯Ä»,25,0xffffff,0,4bc925a,46119238903529477,ÖÂ¾´
137,8.76200,¹ö¶¯µ¯Ä»,25,0xffffff,0,57e8b99a,46119175500857349,ÖÂ¾´
138,58.33600,¹ö¶¯µ¯Ä»,25,0xffffff,0,cfac0c34,46119132757229575,ÖÂ¾´
139,32.81300,¹ö¶¯µ¯Ä»,25,0xffffff,0,cfac0c34,46119119336505349,ÖÂ¾´
140,39.91400,¹ö¶¯µ¯Ä»,25,0xffffff,0,b0d27a5a,46119077107204099,ÖÂ¾´
141,56.32300,¹ö¶¯µ¯Ä»,25,0xffffff,0,9a7014ac,46118851769270277,ÖÂ¾´
142,29.30100,¹ö¶¯µ¯Ä»,25,0xffffff,0,11890a87,46118282691346435,ÖÂ¾´
143,20.11500,¹ö¶¯µ¯Ä»,25,0xffffff,0,7ace2dc5,46118270027694083,ÖÂ¾´
144,16.48300,¹ö¶¯µ¯Ä»,25,0xffffff,0,e4fac423,46118234288553991,ÖÂ¾´£¡
145,37.62500,¹ö¶¯µ¯Ä»,25,0xffffff,0,b84793a2,46118054815334403,ÖÂ¾´
146,25.58600,¹ö¶¯µ¯Ä»,25,0xffffff,0,b84793a2,46118048530169859,ÖÂ¾´
147,60.84900,¹ö¶¯µ¯Ä»,25,0xffffff,0,3c0efa3f,46118041528303623,¾´Àñ£¡
148,44.81300,¹ö¶¯µ¯Ä»,25,0xffffff,0,3c0efa3f,46118033083596803,¾´Àñ£¡
149,22.65800,¹ö¶¯µ¯Ä»,25,0xe70012,0,8c2d5191,46117816683724807,ÖÂ¾´
150,60.82900,¹ö¶¯µ¯Ä»,25,0xffffff,0,b0d7fe2c,46117591514087429,ÖÂ¾´
151,28.55700,¹ö¶¯µ¯Ä»,25,0xffffff,0,ab15f836,46117587432505349,ÖÂ¾´
152,54.88700,¹ö¶¯µ¯Ä»,25,0xffffff,0,eb4b7106,46117562005585927,ÖÂ¾´
153,6.28700,¹ö¶¯µ¯Ä»,25,0xffffff,0,b0d7fe2c,46117552514400263,ÖÂ¾´
154,24.42600,¹ö¶¯µ¯Ä»,25,0xffffff,0,3b63c9b8,46117535433621507,ÖÂ¾´
155,64.00000,¹ö¶¯µ¯Ä»,25,0xffffff,0,fdab5938,46117468545482759,ÖÂ¾´
156,36.17100,¹ö¶¯µ¯Ä»,25,0xffffff,0,fdab5938,46117452729810947,ÖÂ¾´
157,55.40400,¹ö¶¯µ¯Ä»,25,0xffffff,0,827ca994,46117317424185351,ÖÂ¾´
158,59.74200,¹ö¶¯µ¯Ä»,25,0xe70012,0,aab3850f,46116955483013123,ÖÂ¾´£¡
159,50.43000,¹ö¶¯µ¯Ä»,25,0xe70012,0,aab3850f,46116915057786883,ÖÂ¾´
160,20.85600,¹ö¶¯µ¯Ä»,25,0xe70012,0,aab3850f,46116899526279173,ÖÂ¾´
161,24.11300,¹ö¶¯µ¯Ä»,25,0xffffff,0,6930732c,46116555926274051,ÖÂ¾´
162,55.78500,¹ö¶¯µ¯Ä»,25,0xffffff,0,35dc2944,46116384180011015,ÎÒÁé»êÉî´¦µÄÖÂ¾´£¡
163,24.83000,¹ö¶¯µ¯Ä»,25,0xffffff,0,7a27b398,46116256720355335,ÖÂ¾´
164,14.31400,¹ö¶¯µ¯Ä»,25,0xffffff,0,e872568f,46116041945251845,ÖÂ¾´£¡
165,49.38500,¹ö¶¯µ¯Ä»,25,0xffffff,0,6273eebb,46115902663950341,ÖÂ¾´
166,34.68000,¹ö¶¯µ¯Ä»,25,0xffffff,0,93c255a7,46115570455674883,ÖÂ¾´
167,19.69000,¹ö¶¯µ¯Ä»,25,0xffffff,0,ff7ce59,46115542264709123,ÖÂ¾´
168,29.50100,¹ö¶¯µ¯Ä»,25,0xffffff,0,1b65d286,46115459836674055,ÖÂ¾´
169,57.70900,¹ö¶¯µ¯Ä»,25,0xffffff,0,6d432cf,46114873902366723,ËûÊÇÎªÎÒÃÇÏÖÔÚµÄÉú»îÊÜÉË°¡
170,28.22100,¹ö¶¯µ¯Ä»,25,0xffffff,0,8174fbf9,46114780193751047,ÖÂ¾´
171,21.34400,¹ö¶¯µ¯Ä»,25,0xffffff,0,2e1acab,46114639286108163,ÖÂ¾´
172,49.93900,¶¥¶Ëµ¯Ä»,18,0xe70012,0,2e5fc8b6,46114517215608839,ÖÂ¾´
173,7.31500,¹ö¶¯µ¯Ä»,25,0xffffff,0,edfbde56,46114505941843973,ÖÂ¾´
174,30.22900,¹ö¶¯µ¯Ä»,25,0xffffff,0,3d040bc2,46114329909002243,ÖÂ¾´
175,24.62400,¹ö¶¯µ¯Ä»,25,0xffffff,0,c6e8df9a,46114329300303875,ÖÂ¾´
176,22.06800,¹ö¶¯µ¯Ä»,25,0xffffff,0,8d973d13,46114041887195141,ÖÂ¾´
177,21.82900,¹ö¶¯µ¯Ä»,25,0xffffff,0,1ef74129,46113932003246087,ÖÂ¾´
178,22.22600,¹ö¶¯µ¯Ä»,25,0xffffff,0,200288f2,46113789897605125,ÖÂ¾´
179,37.82900,¹ö¶¯µ¯Ä»,25,0xffffff,0,18ba311,46113752033001479,¸Ð¶¯
180,27.32400,¹ö¶¯µ¯Ä»,25,0xffffff,0,18ba311,46113746451431427,ÖÂ¾´
181,58.49600,¹ö¶¯µ¯Ä»,25,0xffffff,0,e2b26539,46113546336993285,ÖÂ¾´
182,36.05600,¹ö¶¯µ¯Ä»,25,0xffffff,0,65271076,46113310205542407,ÖÂ¾´
183,31.42200,¹ö¶¯µ¯Ä»,25,0xffffff,0,6e48a593,46113234514083907,ÖÂ¾´
184,56.68300,¹ö¶¯µ¯Ä»,25,0xe70012,0,ed39c2d,46113060269064199,ÖÂ¾´£¡
185,27.99400,¹ö¶¯µ¯Ä»,25,0xffffff,0,4e008d53,46112925213523973,ÖÂ¾´
186,10.74600,¹ö¶¯µ¯Ä»,25,0xffffff,0,3ede9be4,46112848238608391,ÖÂ¾´
187,17.94100,¹ö¶¯µ¯Ä»,25,0xffffff,0,95ea92ee,46112808341340165,ÖÂ¾´£¡
188,26.53800,¹ö¶¯µ¯Ä»,25,0xffffff,0,83cfbf7c,46112619980390407,ÖÂ¾´
189,19.42900,¹ö¶¯µ¯Ä»,25,0xffffff,0,6ecc36b4,46112606003396613,ÖÂ¾´
190,62.34600,¹ö¶¯µ¯Ä»,25,0xffffff,0,27bf2d9,46112392811642883,ÖÂ¾´
191,0.99600,¹ö¶¯µ¯Ä»,25,0xffffff,0,a709063a,46112352505430021,ÖÂ¾´
192,29.88200,¹ö¶¯µ¯Ä»,25,0xffffff,0,bf9c125d,46112284492693511,ÖÂ¾´
193,30.57900,¹ö¶¯µ¯Ä»,25,0xffffff,0,756dfd85,46112258035548167,ÖÂ¾´
194,63.73600,¹ö¶¯µ¯Ä»,25,0xffffff,0,7340952d,46112254073503749,ÖÂ¾´
195,46.44200,¹ö¶¯µ¯Ä»,25,0xffffff,0,855ac7eb,46112177057693701,ÖÂ¾´
196,54.42700,¹ö¶¯µ¯Ä»,25,0xffffff,0,996c905a,46112097979334661,ÖÂ¾´
197,37.27700,¹ö¶¯µ¯Ä»,25,0xffffff,0,18c5adaa,46112057209126919,ÖÂ¾´
198,23.67400,¹ö¶¯µ¯Ä»,25,0xffffff,0,e1ccadfa,46111834136641541,ÖÂ¾´
199,3.11500,¹ö¶¯µ¯Ä»,25,0xffffff,0,f63d25e3,46111746544893957,ÖÂ¾´£¡
200,58.95900,¹ö¶¯µ¯Ä»,25,0xffffff,0,1d37b30f,46111676500541447,ÖÂ¾´
201,47.57100,¹ö¶¯µ¯Ä»,25,0xffffff,0,e448c0a0,46111663954853891,ÖÂ¾´£¡
202,28.81900,¹ö¶¯µ¯Ä»,25,0xffffff,0,6195e1cd,46111400036139011,ÖÂ¾´
203,14.75100,¹ö¶¯µ¯Ä»,25,0xffffff,0,d38ddca0,46111119421997061,ÖÂ¾´
204,17.98900,¹ö¶¯µ¯Ä»,25,0xe70012,0,efe0d1fa,46111109251334151,ÕâÊÇÎÒÃÇÕæÕæÕýÕýÒª×ðÖØµÄÈË°¡
205,12.08200,¹ö¶¯µ¯Ä»,25,0xffffff,0,766622c1,46111083441160195,ÖÂ¾´
206,41.63500,¹ö¶¯µ¯Ä»,25,0xffffff,0,936571f1,46110761980264453,ÖÂ¾´Ó¢ÐÛ
207,63.71500,¹ö¶¯µ¯Ä»,25,0xffffff,0,f4f9a639,46110689081163783,Ð»Ð»
208,19.34500,¹ö¶¯µ¯Ä»,25,0xffffff,0,9476dc75,46110408706621443,ÖÂ¾´
209,51.91600,¹ö¶¯µ¯Ä»,25,0xffffff,0,f3e6a759,46110402977202183,ÖÂ¾´
210,13.72500,¹ö¶¯µ¯Ä»,25,0xffffff,0,46b53b88,46110295706828805,ÖÂ¾´£¡
211,63.71500,¹ö¶¯µ¯Ä»,25,0xffffff,0,46b53b88,46110286114979843,ÖÂ¾´£¡
212,63.71500,¹ö¶¯µ¯Ä»,25,0xffffff,0,94d28d7b,46110135682072581,ÖÂ¾´
213,15.75900,¶¥¶Ëµ¯Ä»,25,0xffffff,0,dec917fe,46109829810880517,ÖÂ¾´£¡
214,39.39000,¹ö¶¯µ¯Ä»,25,0xffffff,0,1eb04ddd,46109729009696773,ÖÂ¾´£¡
215,11.75900,¹ö¶¯µ¯Ä»,25,0xffffff,0,1eb04ddd,46109714554028035,ÖÂ¾´£¡
216,7.06600,¹ö¶¯µ¯Ä»,25,0xffffff,0,f4dd5017,46109629313187845,ÖÂ¾´
217,39.21900,¹ö¶¯µ¯Ä»,25,0xffffff,0,4dd34939,46109593544687619,ÖÂ¾´
218,12.82100,¹ö¶¯µ¯Ä»,25,0xffffff,0,d01137e2,46109448979087365,ÖÂ¾´
219,47.73900,¹ö¶¯µ¯Ä»,25,0xffffff,0,e6e4315f,46109242397556743,ÖÂ¾´ÀÏ±ø
220,31.31900,¹ö¶¯µ¯Ä»,25,0xffffff,0,e6e4315f,46109227904663557,ÖÂ¾´
221,10.07400,¹ö¶¯µ¯Ä»,25,0xe70012,0,558fbc9,46108827979874307,ÖÂ¾´
222,17.34700,¹ö¶¯µ¯Ä»,25,0xfef102,0,2c4077b8,46108765420781573,ÖÂ¾´£¡
223,24.80400,¹ö¶¯µ¯Ä»,25,0xffffff,0,566a6c87,46108721422008327,ÖÂ¾´
224,59.10100,¹ö¶¯µ¯Ä»,25,0xffffff,0,ab6aa298,46108547262447621,ÖÂ¾´
225,41.64400,¹ö¶¯µ¯Ä»,25,0xffffff,0,4becf8c0,46108302612889605,ÖÂ¾´
226,11.92600,¹ö¶¯µ¯Ä»,25,0xffffff,0,fbca1709,46107463528218631,ÖÂ¾´£¡
227,54.56700,¹ö¶¯µ¯Ä»,25,0xffffff,0,cc5d1fd6,46107421339287555,ÖÂ¾´
228,36.54000,¹ö¶¯µ¯Ä»,25,0xffffff,0,5e29215e,46107253302362117,ÖÂ¾´
229,10.55800,¹ö¶¯µ¯Ä»,25,0xffffff,0,bcd5e779,46107022718926853,ÖÂ¾´
230,38.81500,¹ö¶¯µ¯Ä»,25,0xe70012,0,13dbd8ef,46106729745743879,×î¿É°®µÄÈË
231,11.19900,¹ö¶¯µ¯Ä»,25,0xffffff,0,865e8936,46106653878124551,ÖÂ¾´
232,55.37200,¶¥¶Ëµ¯Ä»,25,0xfef102,0,49058bd6,46106514880462851,ÖÂ¾´
233,27.95200,¶¥¶Ëµ¯Ä»,25,0xfef102,0,49058bd6,46106500514447363,ÖÂ¾´
234,28.36000,¹ö¶¯µ¯Ä»,25,0xffffff,0,d78b21a4,46106367350013957,ÖÂ¾´
235,42.97300,¹ö¶¯µ¯Ä»,25,0xffffff,0,e9da2809,46106278688718853,ÖÂ¾´
236,34.47300,¹ö¶¯µ¯Ä»,25,0xffffff,0,e9da2809,46106274287321093,ÖÂ¾´
237,25.97300,¹ö¶¯µ¯Ä»,25,0xffffff,0,e9da2809,46106269968236549,ÖÂ¾´
238,52.31000,¹ö¶¯µ¯Ä»,25,0xffffff,0,87621847,46106214486507527,ÖÂ¾´£¡
239,30.39900,¹ö¶¯µ¯Ä»,25,0xffffff,0,33790df4,46106182882951175,ÖÂ¾´£¡
240,51.54500,¹ö¶¯µ¯Ä»,25,0xffffff,0,9c468c29,46106129636786179,ÖÂ¾´£¡
241,62.98500,¹ö¶¯µ¯Ä»,25,0xffffff,0,3140921e,46106068355907587,ÖÂ¾´
242,31.81200,¹ö¶¯µ¯Ä»,25,0xffffff,0,46beb86c,46105967577792517,ÖÂ¾´
243,32.81200,¹ö¶¯µ¯Ä»,25,0xe70012,0,3c7c8b82,46105166012219397,ÖÂ¾´
244,24.17700,¹ö¶¯µ¯Ä»,25,0xffffff,0,a4393bd4,46104966160449543,ÏòÄúÖÂ¾´
245,15.49800,¹ö¶¯µ¯Ä»,25,0xffffff,0,3a3829ed,46104601151143939,¾´Àñ
246,58.04600,¹ö¶¯µ¯Ä»,25,0xffffff,0,b9e2e2ab,46104453690425349,×î¿É°®µÄÈË
247,10.54500,¹ö¶¯µ¯Ä»,25,0xffffff,0,5b28f96,46104295892844549,ÖÂ¾´
248,35.68500,¹ö¶¯µ¯Ä»,25,0xffffff,0,11a5d79c,46103854987608067,ÖÂ¾´
249,64.00000,¹ö¶¯µ¯Ä»,25,0xffffff,0,755e4b91,46103715067199495,ÖÂ¾´
250,57.61700,¹ö¶¯µ¯Ä»,25,0xffffff,0,42cc4f67,46103522485207047,ÖÂ¾´
251,15.45800,¹ö¶¯µ¯Ä»,25,0xffffff,0,69b287a8,46103365737250821,ÖÂ¾´
252,46.75400,¹ö¶¯µ¯Ä»,25,0xe70012,0,39babb6e,46103282132189189,ÖÂ¾´
253,38.26600,¹ö¶¯µ¯Ä»,25,0xffffff,0,39babb6e,46103277707198471,ÖÂ¾´
254,49.17200,¹ö¶¯µ¯Ä»,25,0xffffff,0,c6d2cb7,46102736391372803,ÖÂ¾´
255,21.62000,¹ö¶¯µ¯Ä»,25,0xffffff,0,18496d38,46102692804689927,ÖÂ¾´
256,18.42100,¹ö¶¯µ¯Ä»,25,0xffffff,0,daa68097,46102620240609287,ÖÂ¾´
257,2.64600,¹ö¶¯µ¯Ä»,25,0xffffff,0,9ee0a0ec,46102249519710215,ÖÂ¾´
258,47.32800,¹ö¶¯µ¯Ä»,25,0xe70012,0,3dc9dd15,46101815494180871,ÖÂ¾´
259,47.61900,¹ö¶¯µ¯Ä»,25,0xe70012,0,dd1e449f,46101775149694983,ÖÂ¾´!
260,47.39900,¹ö¶¯µ¯Ä»,25,0xffffff,0,22bcd7fe,46101774025097223,ÖÂ¾´
261,22.00800,¹ö¶¯µ¯Ä»,25,0xffffff,0,7ca61008,46101183315574791,ÖÂ¾´
262,25.23200,¹ö¶¯µ¯Ä»,25,0xffffff,0,3f32d7bc,46100805618499591,ÖÂ¾´
263,34.69700,¹ö¶¯µ¯Ä»,25,0xffffff,0,d39fdd03,46099886710980611,ÖÂ¾´£¡
264,23.61500,¹ö¶¯µ¯Ä»,25,0xffffff,0,fd7fd0fb,46099858013552647,ÖÂ¾´
265,26.07300,¹ö¶¯µ¯Ä»,25,0xffffff,0,ee79b6d2,46094670767325189,ÖÂ¾´
266,21.95900,¹ö¶¯µ¯Ä»,25,0xffffff,0,53f53803,46094650902052869,ÖÂ¾´
267,33.21900,¹ö¶¯µ¯Ä»,25,0xffffff,0,b003a9c7,46094228282933251,ÖÂ¾´
268,13.28900,¹ö¶¯µ¯Ä»,25,0xffffff,0,68c73a6b,46094079546621959,ÖÂ¾´£¡
269,30.24800,¹ö¶¯µ¯Ä»,25,0xffffff,0,4b07113d,46093308829630471,ÖÂ¾´
270,42.01200,¹ö¶¯µ¯Ä»,25,0xffffff,0,842bcf59,46092751966568455,ÖÂ¾´
271,40.63300,¹ö¶¯µ¯Ä»,25,0xffffff,0,aa2df3a9,46092724533723141,ÖÂ¾´£¡
272,10.95600,¹ö¶¯µ¯Ä»,25,0xffffff,0,be03a4d6,46092254079090695,ÖÂ¾´
273,61.96800,¹ö¶¯µ¯Ä»,25,0xffffff,0,b3b2e9ab,46091397149753349,ÖÂ¾´£¡
274,20.91400,¹ö¶¯µ¯Ä»,25,0xffffff,0,b3b2e9ab,46091375222456325,ÖÂ¾´
275,41.83400,¹ö¶¯µ¯Ä»,25,0xffffff,0,20577ce7,46090902906601477,ÖÂ¾´
276,18.46600,¹ö¶¯µ¯Ä»,25,0xffffff,0,12292aad,46090757756944389,ÖÂ¾´
277,12.44500,¹ö¶¯µ¯Ä»,25,0xffffff,0,545ab3c6,46090433288732677,ÖÂ¾´
278,46.53400,¹ö¶¯µ¯Ä»,25,0xffffff,0,57d0117c,46090251434721287,×î¿É°®µÄÈË£¡ÖÂ¾´£¡
279,42.74600,¹ö¶¯µ¯Ä»,25,0xffffff,0,a245a2e8,46090015065243651,ÖÂ¾´
280,19.13900,¹ö¶¯µ¯Ä»,25,0xe70012,0,cff84f5a,46089831459061763,ÖÂ¾´
281,13.81900,¹ö¶¯µ¯Ä»,25,0xffffff,0,cff84f5a,46089822491639813,ÖÂ¾´
282,42.43700,¹ö¶¯µ¯Ä»,25,0xffffff,0,a4ef3d47,46089820403924999,ÖÂ¾´
283,22.53900,¹ö¶¯µ¯Ä»,25,0xffffff,0,b5480bf7,46089710633746439,ÖÂ¾´
284,20.34100,¹ö¶¯µ¯Ä»,25,0xffffff,0,281fe8df,46089681730797571,ÖÂ¾´
285,34.90500,¹ö¶¯µ¯Ä»,25,0xe70012,0,268e92e1,46089592335499269,ÖÂ¾´
286,26.52000,¹ö¶¯µ¯Ä»,25,0xffffff,0,d7c61ae7,46089437382180871,ÖÂ¾´
287,33.50300,¹ö¶¯µ¯Ä»,25,0xffffff,0,2f363a5b,46088945668194309,ÖÂ¾´£¡
288,58.96000,¹ö¶¯µ¯Ä»,25,0xffffff,0,753c5dc9,46088571996602373,¾´Àñ
289,17.10400,¹ö¶¯µ¯Ä»,25,0xffffff,0,8d1428d7,46088520879046661,ÖÂ¾´
290,52.65600,¹ö¶¯µ¯Ä»,25,0xffffff,0,830c591f,46088455681212423,ÖÂ¾´
291,24.12900,¹ö¶¯µ¯Ä»,25,0xffffff,0,ad8d7ddf,46088379043414021,ÖÂ¾´
292,60.50700,¹ö¶¯µ¯Ä»,25,0xffffff,0,a8590eb6,46088282177536005,ÖÂ¾´
293,63.71500,¹ö¶¯µ¯Ä»,25,0xffffff,0,494d28b,46088263913439239,ÖÂ¾´Ó¢ÐÛ
294,29.82100,¹ö¶¯µ¯Ä»,25,0xe70012,0,b53d09da,46088151390748675,ÖÂ¾´
295,27.48600,¹ö¶¯µ¯Ä»,25,0xe70012,0,b53d09da,46088146957369347,ÖÂ¾´
296,25.17100,¹ö¶¯µ¯Ä»,25,0xe70012,0,b53d09da,46088141858668549,ÖÂ¾´
297,24.67800,¹ö¶¯µ¯Ä»,25,0xffffff,0,46879806,46088131900866565,ÖÂ¾´
298,63.71500,¹ö¶¯µ¯Ä»,25,0xffffff,0,6c5d5dd9,46087916342476807,ÖÂ¾´
299,35.06500,¹ö¶¯µ¯Ä»,25,0xffffff,0,b8bc61d6,46087690235936773,ÖÂ¾´
300,56.59900,¹ö¶¯µ¯Ä»,25,0xffffff,0,3ab71a9a,46087558766526467,ÖÂ¾´
301,33.89300,¹ö¶¯µ¯Ä»,25,0xffffff,0,4750d86,46087454834819077,ÖÂ¾´Ó¢ÐÛ£¡£¡£¡
302,29.81900,¹ö¶¯µ¯Ä»,25,0xffffff,0,b5580ea,46087358225317893,ÖÂ¾´
303,49.50700,¹ö¶¯µ¯Ä»,25,0xffffff,0,c798461a,46087134371119107,ÖÂ¾´
304,59.97200,¹ö¶¯µ¯Ä»,25,0xffffff,0,7c787210,46087075386621955,ÖÂ¾´£¡
305,63.71500,¹ö¶¯µ¯Ä»,25,0xffffff,0,fbe7cfdf,46087063675600903,ÖÂ¾´
306,21.77000,¹ö¶¯µ¯Ä»,25,0xffffff,0,7c787210,46087052951814147,ÖÂ¾´£¡
307,38.37000,¹ö¶¯µ¯Ä»,25,0xffffff,0,1b84f619,46086942005657605,ÖÂ¾´
308,57.92000,¹ö¶¯µ¯Ä»,25,0xffffff,0,2678a3c0,46086919456555011,»¹ºÃ»îÏÂÀ´ÁË
309,20.54700,¹ö¶¯µ¯Ä»,25,0xffffff,0,c360a62c,46086879513149445,ÖÂ¾´
310,57.75100,¹ö¶¯µ¯Ä»,25,0xe70012,0,ba207f4d,46086852560551939,ÖÂ¾´
311,63.71500,¹ö¶¯µ¯Ä»,25,0xffffff,0,e85a563e,46086847172444165,ÖÂ¾´
312,33.98300,¹ö¶¯µ¯Ä»,25,0xffffff,0,610beb79,46086763628199939,ÖÂ¾´
313,45.06900,¹ö¶¯µ¯Ä»,25,0xffffff,0,d95e8513,46086756672471043,ÖÂ¾´
314,53.38000,¹ö¶¯µ¯Ä»,25,0xffffff,0,53797028,46086751655559171,ÖÂ¾´£¡
315,14.92500,¹ö¶¯µ¯Ä»,25,0xffffff,0,53797028,46086731498782723,ÖÂ¾´£¡
316,50.91400,¹ö¶¯µ¯Ä»,25,0xffffff,0,b1a5b777,46086586446118917,ÖÂ¾´£¡£¡
317,31.93900,¹ö¶¯µ¯Ä»,25,0xffffff,0,bf7b250a,46086462266408965,ÖÂ¾´£¬Ð»Ð»ÄãÃÇµÄ¸¶³ö
318,55.43900,¹ö¶¯µ¯Ä»,25,0xffffff,0,1de03165,46086425299386375,ÖÂ¾´
319,51.38600,¹ö¶¯µ¯Ä»,25,0xe70012,0,27cfdd87,46086413155303429,ÖÂ¾´
320,45.49100,¹ö¶¯µ¯Ä»,25,0xe70012,0,5c5caaab,46086412848594949,ÖÂ¾´
321,16.77900,¹ö¶¯µ¯Ä»,25,0xffffff,0,dce44627,46086396409020419,ÖÂ¾´
322,43.56500,¹ö¶¯µ¯Ä»,25,0xe70012,0,53484075,46086323999604807,ÖÂ¾´!
323,26.76000,¹ö¶¯µ¯Ä»,25,0xffffff,0,9f29cfc5,46086260600078341,ÖÂ¾´£¡
324,25.48000,¹ö¶¯µ¯Ä»,25,0xffffff,0,9a8914b,46086195171033095,ÖÂ¾´Ó¢ÐÛ
325,57.59500,¹ö¶¯µ¯Ä»,25,0xffffff,0,8c2e7344,46086161125867523,ÖÂ¾´£¡
326,25.45500,¹ö¶¯µ¯Ä»,25,0xffffff,0,cd850274,46086152662286341,ÖÂ¾´
327,14.36700,¹ö¶¯µ¯Ä»,25,0xffffff,0,1422e48f,46086080511868931,ÖÂ¾´
328,52.63600,¹ö¶¯µ¯Ä»,25,0xffffff,0,9854bf1a,46086025244049415,ÖÂ¾´
329,27.18600,¹ö¶¯µ¯Ä»,25,0xffffff,0,a15cf0d1,46085921286651907,ÖÂ¾´
330,31.45700,¹ö¶¯µ¯Ä»,25,0xffffff,0,d40f492c,46085752306008069,ÖÂ¾´
331,28.36300,¹ö¶¯µ¯Ä»,25,0xffffff,0,36faa430,46085666590687237,ÖÂ¾´
332,21.09300,¹ö¶¯µ¯Ä»,25,0xffffff,0,14df415e,46085657391005701,ÖÂ¾´£¡
333,27.51400,¹ö¶¯µ¯Ä»,25,0xffffff,0,6b7cee8f,46085551675670531,ÖÂ¾´
334,52.71800,¹ö¶¯µ¯Ä»,25,0xe70012,0,d8c05763,46085491968180231,ÖÂ¾´
335,51.84000,¹ö¶¯µ¯Ä»,25,0xffffff,0,182818df,46085471307038727,ÖÂ¾´
336,47.67800,¶¥¶Ëµ¯Ä»,25,0xe70012,0,e9dfd36f,46085378522742789,ÖÂ¾´£¡
337,38.42700,¹ö¶¯µ¯Ä»,25,0xffffff,0,ddcc8cea,46085304233754627,ÖÂ¾´
338,25.51100,¹ö¶¯µ¯Ä»,25,0xffffff,0,398fd4b3,46085243444658183,ÖÂ¾´
339,12.20800,¹ö¶¯µ¯Ä»,25,0xffffff,0,50453d7d,46085180265332743,ÖÂ¾´
340,22.83500,¹ö¶¯µ¯Ä»,25,0xffffff,0,eaca5ff0,46085172120518659,ÖÂ¾´
341,27.36100,¹ö¶¯µ¯Ä»,25,0xffffff,0,4e1aa044,46085166329233415,ÖÂ¾´
342,21.02600,¹ö¶¯µ¯Ä»,25,0xffffff,0,9881937e,46085075720208391,ÖÂ¾´
343,15.79900,¹ö¶¯µ¯Ä»,25,0xffffff,0,393e2f69,46085066266247171,×î¿É°®µÄÈË
344,44.75100,¹ö¶¯µ¯Ä»,25,0xffffff,0,e1a8acb3,46085046522609667,ÖÂ¾´
345,60.87900,¹ö¶¯µ¯Ä»,25,0xffffff,0,8c9e5d1a,46084947343572997,ÖÂ¾´
346,46.65900,¹ö¶¯µ¯Ä»,25,0xffffff,0,5d1764ed,46084922003161093,ÖÆ¾´
347,21.98800,¹ö¶¯µ¯Ä»,25,0xffffff,0,13b2f6dd,46084822884941827,ÖÂ¾´
348,52.10100,¹ö¶¯µ¯Ä»,25,0xffffff,0,4b5520ba,46084819482836995,ÖÂ¾´
349,14.77900,¹ö¶¯µ¯Ä»,25,0xffffff,0,ecacf72e,46084802213314565,ÖÂ¾´
350,53.59400,¹ö¶¯µ¯Ä»,25,0xffffff,0,42375c8a,46084792926601221,¾´Àñ£¡£¡£¡
351,17.24700,¹ö¶¯µ¯Ä»,25,0xffffff,0,6b115dff,46084671195840515,ÖÂ¾´
352,23.17100,¹ö¶¯µ¯Ä»,25,0xffffff,0,411e5c60,46084562638864389,×î¿É°®µÄÈË
353,33.98900,¹ö¶¯µ¯Ä»,25,0xffffff,0,deb340f5,46084559528787973,ÖÂ¾´
354,35.46400,¹ö¶¯µ¯Ä»,25,0xffffff,0,9b0ff917,46084433525604359,ÖÂ¾´
355,22.61100,¹ö¶¯µ¯Ä»,25,0xffffff,0,ae7a0efc,46084432622256135,ÖÂ¾´
356,10.47800,¹ö¶¯µ¯Ä»,25,0xffffff,0,f5403824,46084415921061895,ÖÂ¾´
357,10.71100,¹ö¶¯µ¯Ä»,25,0xffffff,0,25ffd6f2,46084227833266179,ÖÂ¾´
358,46.92400,¹ö¶¯µ¯Ä»,25,0xffffff,0,d0e52cf0,46084097674051589,ÖÂ¾´£¡
359,10.73600,¹ö¶¯µ¯Ä»,25,0xffffff,0,f93c448f,46084074416635907,ÖÂ¾´
360,52.45500,¹ö¶¯µ¯Ä»,25,0xffffff,0,f826d5e6,46084001376501767,ÖÂ¾´
361,46.91800,¹ö¶¯µ¯Ä»,25,0xffffff,0,84258175,46083992864686083,ÖÂ¾´
362,16.57700,¹ö¶¯µ¯Ä»,25,0xffffff,0,581b5219,46083862241476611,ÖÂ¾´
363,23.28400,¹ö¶¯µ¯Ä»,25,0xffffff,0,53a6b50a,46083835613413379,ÖÂ¾´
364,21.73200,¹ö¶¯µ¯Ä»,25,0xffffff,0,9dad7f41,46083770380976135,ÖÂ¾´
365,62.94600,¹ö¶¯µ¯Ä»,25,0xffffff,0,717fb56,46083410962677767,ÖÂ¾´
366,40.23000,¹ö¶¯µ¯Ä»,25,0xffffff,0,728ab872,46083240256077831,×îÃÀµÄÈË
367,33.44700,¹ö¶¯µ¯Ä»,25,0xffffff,0,414c86a9,46083007199051781,ÖÂ¾´
368,37.18000,¹ö¶¯µ¯Ä»,25,0xffffff,0,b85c2fe1,46082995869188103,ÖÂ¾´
369,14.75700,¹ö¶¯µ¯Ä»,25,0xffffff,0,b85c2fe1,46082984073756677,ÖÂ¾´
370,7.85800,¹ö¶¯µ¯Ä»,25,0xffffff,0,b85c2fe1,46082979967533061,ÖÂ¾´
371,31.02100,¹ö¶¯µ¯Ä»,25,0xffffff,0,117c596f,46082869558771715,ÖÂ¾´
372,27.87300,¹ö¶¯µ¯Ä»,25,0xffffff,0,5d831b96,46082839106027523,ÖÂ¾´
373,16.57900,¹ö¶¯µ¯Ä»,25,0xe70012,0,3e54b94d,46082811999289347,ÖÂ¾´
374,61.54700,¹ö¶¯µ¯Ä»,25,0xffffff,0,f600efd8,46082660429201415,¾´Àñ£¡£¡£¡
375,62.14200,¹ö¶¯µ¯Ä»,25,0xffffff,0,ac08d5a7,46082640142401539,ÖÂ¾´
376,63.71500,¹ö¶¯µ¯Ä»,25,0xffffff,0,f8f0b949,46082537847521283,¾´Àñ
377,41.81300,¹ö¶¯µ¯Ä»,25,0xffffff,0,d36fae6f,46082464688898053,ÖÂ¾´£¡
378,23.53800,¹ö¶¯µ¯Ä»,25,0xffffff,0,b78b384d,46082414091960323,ÖÂ¾´
379,13.55800,¹ö¶¯µ¯Ä»,25,0xffffff,0,1ae459d,46082367667830791,ÖÂ¾´
380,38.61400,¹ö¶¯µ¯Ä»,25,0xffffff,0,725503e9,46082345877372933,ÏòÄúÖÂ¾´£¡
381,10.23000,¹ö¶¯µ¯Ä»,25,0xffffff,0,cf7a5e0,46082329423642627,ÖÂ¾´
382,29.29000,¶¥¶Ëµ¯Ä»,25,0xe70012,0,5f59faac,46082244713381891,ÖÂ¾´Ó¢ÐÛ
383,9.43500,¹ö¶¯µ¯Ä»,25,0xffffff,0,1c78fe02,46082244306010117,ÖÂ¾´
384,19.17400,¹ö¶¯µ¯Ä»,25,0xffffff,0,5f59faac,46082239393955845,ÖÂ¾´
385,57.71100,¹ö¶¯µ¯Ä»,25,0xffffff,0,fca42701,46082218293985285,ÖÂ¾´
386,9.00200,¹ö¶¯µ¯Ä»,25,0xffffff,0,fca42701,46082196803944451, ÖÂ¾´
387,32.31400,¹ö¶¯µ¯Ä»,25,0xe70012,0,18562bd3,46082109383114757,ÖÂ¾´£¬Ïò×î¿É°®µÄÈË
388,19.31100,¹ö¶¯µ¯Ä»,25,0xffffff,0,b9841260,46082068761804805,ÖÂ¾´
389,54.57900,¹ö¶¯µ¯Ä»,25,0xffffff,0,2132b5a2,46081971036618759,ÖÂ¾´£¡
390,26.42800,¹ö¶¯µ¯Ä»,25,0xffffff,0,1744dd77,46081950561075203,ÖÂ¾´
391,11.65800,¹ö¶¯µ¯Ä»,25,0xffffff,0,58dba6e3,46081901710016515,ÖÂ¾´
392,48.43100,¶¥¶Ëµ¯Ä»,25,0xffffff,0,ebe178eb,46081816565121031,Ò¯Ò¯±ðµ£ÐÄ¡«ÎÒÃÇ²»¾õµÃº¦ÅÂ£¡
393,10.43200,¹ö¶¯µ¯Ä»,25,0xffffff,0,ebe178eb,46081796629594115,¾´Àñ¡«
394,0.00000,¹ö¶¯µ¯Ä»,25,0xffffff,0,8a664d6c,46081521655218183,ÖÂ¾´£¡
395,6.14300,¹ö¶¯µ¯Ä»,25,0xffffff,0,71ea3623,46081504272449541,ÖÂ¾´
396,7.37100,¹ö¶¯µ¯Ä»,25,0xffffff,0,558ae9f6,46081481564487683,ÖÂ¾´
397,22.00900,¹ö¶¯µ¯Ä»,25,0xffffff,0,4f2a25c4,46081233348722693,ÖÂ¾´
398,61.91200,¹ö¶¯µ¯Ä»,25,0xffffff,0,41d3c94,46081144014241797,¾´Àñ
399,43.21900,¹ö¶¯µ¯Ä»,25,0xffffff,0,41d3c94,46081134205861893,ÖÂ¾´
400,24.06000,¹ö¶¯µ¯Ä»,25,0xffffff,0,d919c955,46081121247035395,ÖÂ¾´
401,17.21900,¹ö¶¯µ¯Ä»,25,0xffffff,0,548e16c,46081106731073543,ÖÂ¾´
402,17.87900,¹ö¶¯µ¯Ä»,25,0xffffff,0,2c3ab851,46080987296694277,ÖÂ¾´
403,28.19500,¹ö¶¯µ¯Ä»,25,0xffffff,0,ad722a47,46080976346939395,ÖÂ¾´
404,21.15500,¹ö¶¯µ¯Ä»,25,0xffffff,0,c6055038,46080697373294597,ÖÂ¾´
405,25.09500,¹ö¶¯µ¯Ä»,25,0xe70012,0,5b1d40cc,46080679393886211,ÖÂ¾´
406,29.70000,¹ö¶¯µ¯Ä»,25,0xffffff,0,cd63279b,46080669161881605,ÖÂ¾´
407,4.52800,¹ö¶¯µ¯Ä»,25,0xfef102,0,e5b84137,46080667410759685,Õö¿ªÄãµÄË«ÑÛ£¡£¡£¡
408,50.81800,¹ö¶¯µ¯Ä»,25,0xe70012,0,d0526cc9,46080653043695619,ÖÂ¾´
409,24.07400,¹ö¶¯µ¯Ä»,25,0xffffff,0,d44ea88c,46080640484900869,ÖÂ¾´
410,39.10500,¹ö¶¯µ¯Ä»,25,0xffffff,0,23d041aa,46080460812976135,ÐÄÀïÓÐµãÄÑÊÜ
411,24.07500,¹ö¶¯µ¯Ä»,25,0xffffff,0,23d041aa,46080452948131907,ÖÂ¾´
412,62.64200,¹ö¶¯µ¯Ä»,25,0xffffff,0,1389d9ef,46080428902187011,ÖÂ¾´
413,29.24100,¹ö¶¯µ¯Ä»,25,0xffffff,0,57a0d529,46080309522857991,ÖÂ¾´
414,24.25500,¹ö¶¯µ¯Ä»,25,0xe70012,0,405b5fd6,46080186105462791,ÖÂ¾´
415,11.83200,¹ö¶¯µ¯Ä»,25,0xe70012,0,405b5fd6,46080180078247939,ÖÂ¾´
416,25.03600,¹ö¶¯µ¯Ä»,25,0xffffff,0,dedd51e6,46080160570540039,ÖÂ¾´
417,25.95100,¹ö¶¯µ¯Ä»,25,0xffffff,0,1936d1ca,46080083326664707,ÖÂ¾´
418,12.11900,¹ö¶¯µ¯Ä»,25,0xffffff,0,d2255711,46080062244519939,ÖÂ¾´
419,42.63200,¹ö¶¯µ¯Ä»,25,0xe70012,0,3bc43984,46079864218845187,ÖÂ¾´°¡£¡£¡£¡
420,36.14100,¹ö¶¯µ¯Ä»,25,0xffffff,0,9a68a958,46079768037163015,ÊÇËùÐÒ²»ÊÇË÷ÐÔ°É
421,32.78800,¹ö¶¯µ¯Ä»,25,0xffffff,0,c5028eb7,46079592963244035,ÖÂ¾´
422,28.00600,¹ö¶¯µ¯Ä»,25,0xffffff,0,b33ea68c,46079584243810309,ÖÂ¾´
423,21.37500,¶¥¶Ëµ¯Ä»,25,0xe70012,0,4db6e1eb,46079579787886599,ÖÂ¾´
424,60.69900,¹ö¶¯µ¯Ä»,25,0xffffff,0,5c7d06e0,46079483764015111,ÖÂ¾´
425,21.53900,¹ö¶¯µ¯Ä»,25,0xe70012,0,475f5830,46079295291392007,ÖÂ¾´
426,24.40200,¹ö¶¯µ¯Ä»,25,0xffffff,0,31a8ded7,46079293412343811,ÖÂ¾´
427,63.71500,¹ö¶¯µ¯Ä»,25,0xffffff,0,4abb8714,46079209714483205,ÖÂ¾´
428,31.83300,¹ö¶¯µ¯Ä»,25,0xffffff,0,b11cf21c,46078973858807813,ÖÂ¾´
429,20.54300,¹ö¶¯µ¯Ä»,25,0xffffff,0,b7a19f4,46078865854431299,ÖÂ¾´
430,35.14700,¹ö¶¯µ¯Ä»,25,0xffffff,0,81fac2ff,46078836450263047,ÖÂ¾´
431,47.15100,¹ö¶¯µ¯Ä»,25,0xe70012,0,d6966ea8,46078815018418183,ÖÂ¾´
432,52.43200,¹ö¶¯µ¯Ä»,25,0xffffff,0,a864b625,46078784321355843,ÖÂ¾´
433,43.28100,¹ö¶¯µ¯Ä»,25,0xffffff,0,a864b625,46078779528839171,ÖÂ¾´
434,38.94200,¹ö¶¯µ¯Ä»,25,0xffffff,0,cf9ccb22,46078774571171843,ÖÂ¾´
435,30.07600,¹ö¶¯µ¯Ä»,25,0xffffff,0,a864b625,46078772626063365,ÖÂ¾´
436,49.04000,¹ö¶¯µ¯Ä»,25,0xffffff,0,3e8800fe,46078625536016389,Äú¾ÍÊÇ×î¿É°®µÄÈË
437,27.34000,¹ö¶¯µ¯Ä»,25,0xffffff,0,3e8800fe,46078614144811013,×î¿É°®µÄÈË
438,14.74500,¹ö¶¯µ¯Ä»,25,0xffffff,0,76e604ab,46078613272920067,ÖÂ¾´
439,54.03900,¹ö¶¯µ¯Ä»,25,0xffffff,0,e47c2e1d,46078501897371655,ÖÂ¾´
440,46.96100,¹ö¶¯µ¯Ä»,25,0xffffff,0,e4f10fc6,46077962975444999,ÖÂ¾´
441,19.28600,¹ö¶¯µ¯Ä»,25,0xffffff,0,7994da56,46077892159340551,ÖÂ¾´
442,8.38600,¹ö¶¯µ¯Ä»,25,0xffffff,0,b20ad7a1,46077866576183299,ÖÂ¾´
443,59.24400,¹ö¶¯µ¯Ä»,25,0xffffff,0,fd67f0dc,46077804656721927,ÖÂ¾´
444,19.69800,¹ö¶¯µ¯Ä»,25,0xffffff,0,7d4bac09,46077772106301443,ÖÂ¾´£¡
445,41.16500,¹ö¶¯µ¯Ä»,25,0xffffff,0,a7bbbdb3,46077681952358407,ÖÂ¾´
446,10.50000,¹ö¶¯µ¯Ä»,25,0xffffff,0,944afcf8,46077645559955463,ÖÂ¾´
447,36.17700,¹ö¶¯µ¯Ä»,25,0xffffff,0,5fa364f9,46077628036153351,ÖÂ¾´ÄÇ×î¿É°®µÄÈËÃÇ
448,52.58900,¹ö¶¯µ¯Ä»,25,0xffffff,0,860325e2,46077611918491655,ÖÂ¾´
449,38.83800,¹ö¶¯µ¯Ä»,25,0xffffff,0,d11d7799,46077610264363015,ÖÂ¾´
450,28.27300,¹ö¶¯µ¯Ä»,25,0xffffff,0,d11d7799,46077604737318919,ÖÂ¾´
451,18.05400,¹ö¶¯µ¯Ä»,25,0xffffff,0,860325e2,46077593775505413,ÖÂ¾´
452,12.08800,¹ö¶¯µ¯Ä»,25,0xffffff,0,8ed4415d,46077305913606151,ÖÂ¾´£¡
453,28.01600,¹ö¶¯µ¯Ä»,25,0xe70012,0,71195a31,46077302578610183,ÖÂ¾´£¡
454,51.55900,¹ö¶¯µ¯Ä»,25,0xe70012,0,d635bba6,46077165455278083,ÖÂ¾´
455,31.26100,¹ö¶¯µ¯Ä»,25,0xffffff,0,dc817024,46077041111465987,ÖÂ¾´
456,29.18000,¹ö¶¯µ¯Ä»,25,0xffffff,0,6cf857e,46077010244009987,ÖÂ¾´
457,28.08800,¹ö¶¯µ¯Ä»,25,0xffffff,0,772c976e,46076817556635651,ÖÂ¾´
458,24.08400,¹ö¶¯µ¯Ä»,25,0xffffff,0,60b94433,46076751434481667,ÖÂ¾´
459,23.87400,¹ö¶¯µ¯Ä»,25,0xffffff,0,6731c965,46076649807020039,ÖÂ¾´£¡
460,37.86400,¹ö¶¯µ¯Ä»,25,0xe70012,0,3c2def41,46076573494280199,ÖÂ¾´
461,21.29600,¹ö¶¯µ¯Ä»,25,0xf0ab2a,0,3c2def41,46076564798963719,ÖÂ¾´
462,39.05900,¹ö¶¯µ¯Ä»,25,0xffffff,0,90c085fa,46076364649922565,ÖÂ¾´
463,27.32900,¹ö¶¯µ¯Ä»,25,0xffffff,0,90c085fa,46076358497402885,ÖÂ¾´
464,28.15000,¹ö¶¯µ¯Ä»,25,0xffffff,0,34ea0118,46076356572217347,ÖÂ¾´
465,10.42000,¹ö¶¯µ¯Ä»,25,0xffffff,0,90c085fa,46076349631168515,ÖÂ¾´
466,45.56000,¹ö¶¯µ¯Ä»,25,0xffffff,0,9b2cf11a,46076116312522757,ÖÂ¾´
467,63.15900,¹ö¶¯µ¯Ä»,25,0xffffff,0,f5649dd3,46075933206511623,ÖÂ¾´£¡
468,47.23700,¹ö¶¯µ¯Ä»,25,0xe70012,0,7651da7a,46075836367372291,ÖÂ¾´
469,16.75700,¹ö¶¯µ¯Ä»,25,0xe70012,0,7651da7a,46075816795176963,ÖÂ¾´
470,23.19200,¹ö¶¯µ¯Ä»,25,0xffffff,0,f180f137,46075814366150659,ÖÂ¾´
471,10.05900,¹ö¶¯µ¯Ä»,25,0xffffff,0,b0e42a20,46075760308387845,ÖÂ¾´
472,28.90400,¹ö¶¯µ¯Ä»,25,0xe70012,0,8bc04e6d,46075715353313285,ÖÂ¾´
473,48.47000,¹ö¶¯µ¯Ä»,25,0xe70012,0,cbfed5fb,46075640710430723,ÖÂ¾´£¡£¡
474,42.52600,¹ö¶¯µ¯Ä»,25,0xffffff,0,5fd28f3d,46075480182358019,ÖÂ¾´
475,19.73300,¹ö¶¯µ¯Ä»,25,0xffffff,0,e8a2c811,46075287953735687,ÌìÄÄ
476,27.26900,¹ö¶¯µ¯Ä»,25,0xffffff,0,ea029b29,46075182972403715,ÖÂ¾´
477,63.71500,¹ö¶¯µ¯Ä»,25,0xffffff,0,171b6daa,46074983310426117,¾´Àñ
478,21.42800,¹ö¶¯µ¯Ä»,25,0xffffff,0,50f939be,46074832472768519,ÖÂ¾´
479,55.58600,¹ö¶¯µ¯Ä»,25,0xffffff,0,d046e4d4,46074756059365381,ÖÂ¾´Ò¯Ò¯
480,23.57800,¹ö¶¯µ¯Ä»,25,0xffffff,0,8a154192,46074744950226947,ÖÂ¾´
481,32.07300,¹ö¶¯µ¯Ä»,25,0xffffff,0,d4b95adf,46074605887553607,ÖÂ¾´
482,50.78500,¹ö¶¯µ¯Ä»,25,0xffffff,0,36fb8a87,46074544833691653,ÖÂ¾´
483,14.43500,¹ö¶¯µ¯Ä»,25,0xffffff,0,36fb8a87,46074525782114309,ÖÂ¾´
484,61.27700,¹ö¶¯µ¯Ä»,25,0xffffff,0,4f51228a,46074509917683717,ÖÂ¾´
485,19.77500,¹ö¶¯µ¯Ä»,25,0xffffff,0,b342597b,46074027211489283,ÖÂ¾´
486,16.94900,¹ö¶¯µ¯Ä»,25,0xffffff,0,cde0f038,46073945934266371,ÖÂ¾´
487,12.58400,¹ö¶¯µ¯Ä»,25,0xffffff,0,9ce18c3d,46073885483859971,ÖÂ¾´
488,13.05400,¹ö¶¯µ¯Ä»,25,0xffffff,0,3e05e5d3,46073772345131011,ÖÂ¾´
489,23.43300,¹ö¶¯µ¯Ä»,25,0xffffff,0,e8de3793,46073242024673285,ÖÂ¾´
490,28.48800,¹ö¶¯µ¯Ä»,25,0xffffff,0,32248658,46072913596514309,ÖÂ¾´
491,59.83900,¹ö¶¯µ¯Ä»,25,0xe70012,0,62d4ca60,46072713041674245,ÖÂ¾´
492,18.64200,¹ö¶¯µ¯Ä»,25,0xffffff,0,33d1427f,46072620805259269,ÖÂ¾´
493,26.83900,¹ö¶¯µ¯Ä»,25,0xffffff,0,e60d8d4b,46072580719247365,ÖÂ¾´
494,63.71500,¹ö¶¯µ¯Ä»,25,0xffffff,0,7ad5b142,46072517112627207,ÖÂ¾´
495,37.29100,¹ö¶¯µ¯Ä»,25,0xffffff,0,7ad5b142,46072502986735619,ÖÂ¾´£¡
496,40.94100,¹ö¶¯µ¯Ä»,25,0xffffff,0,c3315dc8,46072495074705413,ÖÂ¾´
497,53.46100,¹ö¶¯µ¯Ä»,25,0xffffff,0,daa9f058,46072337133469699,ÖÂ¾´
498,25.45800,¹ö¶¯µ¯Ä»,25,0xe70012,0,1126f976,46072241196630021,ÖÂ¾´
499,47.50700,¹ö¶¯µ¯Ä»,25,0xe70012,0,f3bda1d,46072235853611011,ÖÂ¾´
500,8.34900,¹ö¶¯µ¯Ä»,25,0xe70012,0,a49f2595,46072042332094469,×î¿É°®µÄÈË£¬ÖÂ¾´£¡
